{"NDCG@1": 0.37864, "NDCG@5": 0.37483, "NDCG@10": 0.41826, "NDCG@25": 0.46593, "NDCG@50": 0.48971, "NDCG@100": 0.50692, "MAP@1": 0.11076, "MAP@5": 0.26883, "MAP@10": 0.31383, "MAP@25": 0.33953, "MAP@50": 0.34642, "MAP@100": 0.34942, "Recall@1": 0.11076, "Recall@5": 0.36885, "Recall@10": 0.49708, "Recall@25": 0.64144, "Recall@50": 0.72522, "Recall@100": 0.79612, "P@1": 0.37864, "P@5": 0.25825, "P@10": 0.18252, "P@25": 0.09515, "P@50": 0.05359, "P@100": 0.02942, "MRR": 0.49755, "Oracle NDCG@1": 0.90291, "Oracle NDCG@5": 0.82896, "Oracle NDCG@10": 0.82498, "Oracle NDCG@25": 0.82432, "Oracle NDCG@50": 0.8251, "Oracle NDCG@100": 0.8251, "Oracle Recall@1": 0.38762, "Oracle Recall@5": 0.95511, "Oracle Recall@10": 0.99316, "Oracle Recall@25": 1.0, "Oracle Recall@50": 1.0, "Oracle Recall@100": 1.0}